image_file,emotion
IMG_10000000fn,1
IMG_10000000n,1
IMG_10000004f,0
IMG_10000004fn,0
IMG_10000004n,0
IMG_10000010f,1
IMG_10000010fn,1
IMG_10000010n,1
IMG_10000013fn,3
IMG_10000013n,3
IMG_10000016f,1
IMG_10000016fn,1
IMG_10000016n,1
IMG_10000017f,1
IMG_10000017fn,1
IMG_10000017n,1
IMG_10000018fn,1
IMG_10000018n,1
IMG_10000019f,1
IMG_10000019fn,1
IMG_10000019n,1
IMG_10000023f,1
IMG_10000023fn,1
IMG_10000023n,1
IMG_10000024f,0
IMG_10000024fn,0
IMG_10000024n,0
IMG_10000029f,1
IMG_10000029fn,1
IMG_10000029n,1
IMG_10000030fn,1
IMG_10000030n,1
IMG_10000031f,1
IMG_10000031fn,1
IMG_10000031n,1
IMG_10000032fn,1
IMG_10000032n,1
IMG_10000038fn,2
IMG_10000038n,2
IMG_10000039f,1
IMG_10000039fn,1
IMG_10000039n,1
IMG_10000047fn,2
IMG_10000047n,2
IMG_10000048fn,2
IMG_10000048n,2
IMG_10000049fn,1
IMG_10000049n,1
IMG_10000050fn,1
IMG_10000050n,1
IMG_10000051f,1
IMG_10000051fn,1
IMG_10000051n,1
IMG_10000052f,1
IMG_10000052fn,1
IMG_10000052n,1
IMG_10000053f,1
IMG_10000053fn,1
IMG_10000053n,1
IMG_10000057f,0
IMG_10000057fn,0
IMG_10000057n,0
IMG_10000058fn,0
IMG_10000058n,0
IMG_10000059fn,0
IMG_10000059n,0
IMG_10000060f,1
IMG_10000060fn,1
IMG_10000060n,1
IMG_10000064f,1
IMG_10000064fn,1
IMG_10000064n,1
IMG_10000065f,1
IMG_10000065fn,1
IMG_10000065n,1
IMG_10000066f,1
IMG_10000066fn,1
IMG_10000066n,1
IMG_10000067f,1
IMG_10000067fn,1
IMG_10000067n,1
IMG_10000068fn,1
IMG_10000068n,1
IMG_10000069f,1
IMG_10000069fn,1
IMG_10000069n,1
IMG_10000070fn,1
IMG_10000070n,1
IMG_10000071f,1
IMG_10000071fn,1
IMG_10000071n,1
IMG_10000072f,1
IMG_10000072fn,1
IMG_10000072n,1
IMG_10000073f,1
IMG_10000073fn,1
IMG_10000073n,1
IMG_10000074f,1
IMG_10000074fn,1
IMG_10000074n,1
IMG_10000075fn,3
IMG_10000075n,3
IMG_10000076f,1
IMG_10000076fn,1
IMG_10000076n,1
IMG_10000077fn,1
IMG_10000077n,1
IMG_10000078fn,1
IMG_10000078n,1
IMG_10000079f,1
IMG_10000079fn,1
IMG_10000079n,1
IMG_10000080fn,1
IMG_10000080n,1
IMG_10000081fn,1
IMG_10000081n,1
IMG_10000082f,0
IMG_10000082fn,0
IMG_10000082n,0
IMG_10000083fn,3
IMG_10000083n,3
IMG_10000084f,1
IMG_10000084fn,1
IMG_10000084n,1
IMG_10000085fn,1
IMG_10000085n,1
IMG_10000086fn,0
IMG_10000086n,0
IMG_10000087fn,0
IMG_10000087n,0
IMG_10000088f,0
IMG_10000088fn,0
IMG_10000088n,0
IMG_10000089f,1
IMG_10000089fn,1
IMG_10000089n,1
IMG_10000091f,1
IMG_10000091fn,1
IMG_10000091n,1
IMG_10000092f,3
IMG_10000092fn,3
IMG_10000092n,3
IMG_10000093fn,3
IMG_10000093n,3
IMG_10000094f,3
IMG_10000094fn,3
IMG_10000094n,3
IMG_10000095fn,4
IMG_10000095n,4
IMG_10000096f,1
IMG_10000096fn,1
IMG_10000096n,1
IMG_10000097fn,1
IMG_10000097n,1
IMG_10000118fn,2
IMG_10000118n,2
IMG_10000129f,1
IMG_10000129fn,1
IMG_10000129n,1
IMG_10000130fn,1
IMG_10000130n,1
IMG_10000137f,1
IMG_10000137fn,1
IMG_10000137n,1
IMG_10000138fn,3
IMG_10000138n,3
IMG_10000139f,1
IMG_10000139fn,1
IMG_10000139n,1
IMG_10000143f,0
IMG_10000143fn,0
IMG_10000143n,0
IMG_10000145fn,1
IMG_10000145n,1
IMG_10000147f,1
IMG_10000147fn,1
IMG_10000147n,1
IMG_10000148fn,1
IMG_10000148n,1
IMG_10000149f,1
IMG_10000149fn,1
IMG_10000149n,1
IMG_10000150fn,3
IMG_10000150n,3
IMG_10000151fn,3
IMG_10000151n,3
IMG_10000152f,3
IMG_10000152fn,3
IMG_10000152n,3
IMG_10000153fn,3
IMG_10000153n,3
IMG_10000154f,3
IMG_10000154fn,3
IMG_10000154n,3
IMG_10000155f,3
IMG_10000155fn,3
IMG_10000155n,3
IMG_10000156fn,4
IMG_10000156n,4
IMG_10000157fn,3
IMG_10000157n,3
IMG_10000158f,1
IMG_10000158fn,1
IMG_10000158n,1
IMG_10000159fn,1
IMG_10000159n,1
IMG_10000160f,1
IMG_10000160fn,1
IMG_10000160n,1
IMG_10000161fn,2
IMG_10000161n,2
IMG_10000162f,1
IMG_10000162fn,1
IMG_10000162n,1
IMG_10000163fn,4
IMG_10000163n,4
IMG_10000164f,1
IMG_10000164fn,1
IMG_10000164n,1
IMG_10000165f,0
IMG_10000165fn,0
IMG_10000165n,0
IMG_10000166fn,3
IMG_10000166n,3
IMG_10000167fn,3
IMG_10000167n,3
IMG_10000168f,1
IMG_10000168fn,1
IMG_10000168n,1
IMG_10000169f,1
IMG_10000169fn,1
IMG_10000169n,1
IMG_10000170f,1
IMG_10000170fn,1
IMG_10000170n,1
IMG_10000176f,1
IMG_10000176fn,1
IMG_10000176n,1
IMG_10000184fn,2
IMG_10000184n,2
IMG_10000186fn,2
IMG_10000186n,2
IMG_10000187fn,2
IMG_10000187n,2
IMG_10000188fn,2
IMG_10000188n,2
IMG_10000201fn,0
IMG_10000201n,0
IMG_10000202fn,0
IMG_10000202n,0
IMG_10000203fn,0
IMG_10000203n,0
IMG_10000204fn,2
IMG_10000204n,2
IMG_10000205fn,2
IMG_10000205n,2
IMG_10000209f,1
IMG_10000209fn,1
IMG_10000209n,1
IMG_10000210fn,4
IMG_10000210n,4
IMG_10000215fn,3
IMG_10000215n,3
IMG_10000216fn,3
IMG_10000216n,3
IMG_10000222fn,3
IMG_10000222n,3
IMG_10000225fn,0
IMG_10000225n,0
IMG_10000226fn,0
IMG_10000226n,0
IMG_10000227fn,0
IMG_10000227n,0
IMG_10000230f,1
IMG_10000230fn,1
IMG_10000230n,1
IMG_10000231f,1
IMG_10000231fn,1
IMG_10000231n,1
IMG_10000232fn,1
IMG_10000232n,1
IMG_10000233fn,3
IMG_10000233n,3
IMG_10000234f,3
IMG_10000234fn,3
IMG_10000234n,3
IMG_10000235f,3
IMG_10000235fn,3
IMG_10000235n,3
IMG_10000236fn,3
IMG_10000236n,3
IMG_10000237f,3
IMG_10000237fn,3
IMG_10000237n,3
IMG_10000238f,3
IMG_10000238fn,3
IMG_10000238n,3
IMG_10000240f,3
IMG_10000240fn,3
IMG_10000240n,3
IMG_10000241fn,3
IMG_10000241n,3
IMG_10000242fn,3
IMG_10000242n,3
IMG_10000243fn,3
IMG_10000243n,3
IMG_10000244fn,3
IMG_10000244n,3
IMG_10000245fn,1
IMG_10000245n,1
IMG_10000246f,1
IMG_10000246fn,1
IMG_10000246n,1
IMG_10000247fn,3
IMG_10000247n,3
IMG_10000248fn,3
IMG_10000248n,3
IMG_10000275fn,1
IMG_10000275n,1
IMG_10000276f,1
IMG_10000276fn,1
IMG_10000276n,1
IMG_10000277f,1
IMG_10000277fn,1
IMG_10000277n,1
IMG_10000278f,3
IMG_10000278fn,3
IMG_10000278n,3
IMG_10000279f,1
IMG_10000279fn,1
IMG_10000279n,1
IMG_10000280f,1
IMG_10000280fn,1
IMG_10000280n,1
IMG_10000281f,1
IMG_10000281fn,1
IMG_10000281n,1
IMG_10000282f,1
IMG_10000282fn,1
IMG_10000282n,1
IMG_10000283fn,1
IMG_10000283n,1
IMG_10000284f,1
IMG_10000284fn,1
IMG_10000284n,1
IMG_10000286fn,1
IMG_10000286n,1
IMG_10000287f,1
IMG_10000287fn,1
IMG_10000287n,1
IMG_10000288f,1
IMG_10000288fn,1
IMG_10000288n,1
IMG_10000294f,0
IMG_10000294fn,0
IMG_10000294n,0
IMG_10000297f,0
IMG_10000297fn,0
IMG_10000297n,0
IMG_10000298f,0
IMG_10000298fn,0
IMG_10000298n,0
IMG_10000300f,0
IMG_10000300fn,0
IMG_10000300n,0
IMG_10000301f,0
IMG_10000301fn,0
IMG_10000301n,0
IMG_10000302f,0
IMG_10000302fn,0
IMG_10000302n,0
IMG_10000303fn,4
IMG_10000303n,4
IMG_10000304fn,4
IMG_10000304n,4
IMG_10000305fn,4
IMG_10000305n,4
IMG_10000306fn,1
IMG_10000306n,1
IMG_10000307fn,1
IMG_10000307n,1
IMG_10000308f,1
IMG_10000308fn,1
IMG_10000308n,1
IMG_10000309f,1
IMG_10000309fn,1
IMG_10000309n,1
IMG_10000310fn,3
IMG_10000310n,3
IMG_10000311fn,3
IMG_10000311n,3
IMG_10000323fn,0
IMG_10000323n,0
IMG_10000324fn,1
IMG_10000324n,1
IMG_10000325f,0
IMG_10000325fn,0
IMG_10000325n,0
IMG_10000326f,0
IMG_10000326fn,0
IMG_10000326n,0
IMG_10000327f,0
IMG_10000327fn,0
IMG_10000327n,0
IMG_10000328f,0
IMG_10000328fn,0
IMG_10000328n,0
IMG_10000329fn,0
IMG_10000329n,0
IMG_10000330fn,0
IMG_10000330n,0
IMG_10000331fn,4
IMG_10000331n,4
IMG_10000332f,0
IMG_10000332fn,0
IMG_10000332n,0
IMG_10000333f,1
IMG_10000333fn,1
IMG_10000333n,1
IMG_10000334fn,1
IMG_10000334n,1
IMG_10000335f,0
IMG_10000335fn,0
IMG_10000335n,0
IMG_10000336fn,0
IMG_10000336n,0
IMG_10000337fn,0
IMG_10000337n,0
IMG_10000338f,3
IMG_10000338fn,3
IMG_10000338n,3
IMG_10000339f,3
IMG_10000339fn,3
IMG_10000339n,3
IMG_10000341f,0
IMG_10000341fn,0
IMG_10000341n,0
IMG_10000342fn,2
IMG_10000342n,2
IMG_10000343f,0
IMG_10000343fn,0
IMG_10000343n,0
IMG_10000344fn,0
IMG_10000344n,0
IMG_10000345f,0
IMG_10000345fn,0
IMG_10000345n,0
IMG_10000348fn,0
IMG_10000348n,0
IMG_10000350f,0
IMG_10000350fn,0
IMG_10000350n,0
IMG_10000351fn,0
IMG_10000351n,0
IMG_10000352f,0
IMG_10000352fn,0
IMG_10000352n,0
IMG_10000353f,0
IMG_10000353fn,0
IMG_10000353n,0
IMG_10000354fn,0
IMG_10000354n,0
IMG_10000355f,0
IMG_10000355fn,0
IMG_10000355n,0
IMG_10000356fn,2
IMG_10000356n,2
IMG_10000357fn,3
IMG_10000357n,3
IMG_10000358fn,0
IMG_10000358n,0
IMG_10000359fn,0
IMG_10000359n,0
IMG_10000360fn,0
IMG_10000360n,0
IMG_10000361f,3
IMG_10000361fn,3
IMG_10000361n,3
IMG_10000362fn,1
IMG_10000362n,1
IMG_10000363f,1
IMG_10000363fn,1
IMG_10000363n,1
IMG_10000364f,1
IMG_10000364fn,1
IMG_10000364n,1
IMG_10000365f,0
IMG_10000365fn,0
IMG_10000365n,0
IMG_10000366fn,0
IMG_10000366n,0
IMG_10000367fn,0
IMG_10000367n,0
IMG_10000368fn,1
IMG_10000368n,1
IMG_10000369fn,1
IMG_10000369n,1
IMG_10000370fn,1
IMG_10000370n,1
IMG_10000371f,3
IMG_10000371fn,3
IMG_10000371n,3
IMG_10000372fn,3
IMG_10000372n,3
IMG_10000373fn,3
IMG_10000373n,3
IMG_10000374fn,3
IMG_10000374n,3
IMG_10000375f,3
IMG_10000375fn,3
IMG_10000375n,3
IMG_10000376fn,3
IMG_10000376n,3
IMG_10000377f,3
IMG_10000377fn,3
IMG_10000377n,3
IMG_10000384fn,3
IMG_10000384n,3
IMG_10000385f,3
IMG_10000385fn,3
IMG_10000385n,3
IMG_20000000f,1
IMG_20000000fn,1
IMG_20000000n,1
IMG_20000001f,1
IMG_20000001fn,1
IMG_20000001n,1
IMG_20000002f,3
IMG_20000002fn,3
IMG_20000002n,3
IMG_20000003f,3
IMG_20000003fn,3
IMG_20000003n,3
IMG_20000004f,0
IMG_20000004fn,0
IMG_20000004n,0
IMG_20000005f,3
IMG_20000005fn,3
IMG_20000005n,3
IMG_20000006f,3
IMG_20000006fn,3
IMG_20000006n,3
IMG_20000007f,3
IMG_20000007fn,3
IMG_20000007n,3
IMG_20000008f,3
IMG_20000008fn,3
IMG_20000008n,3
IMG_20000009f,0
IMG_20000009fn,0
IMG_20000009n,0
IMG_20000010f,0
IMG_20000010fn,0
IMG_20000010n,0
IMG_20000011fn,4
IMG_20000011n,4
IMG_20000012f,3
IMG_20000012fn,3
IMG_20000012n,3
IMG_20000013f,3
IMG_20000013fn,3
IMG_20000013n,3
IMG_20000014f,1
IMG_20000014fn,1
IMG_20000014n,1
IMG_20000015f,0
IMG_20000015fn,0
IMG_20000015n,0
IMG_20000016f,3
IMG_20000016fn,3
IMG_20000016n,3
IMG_20000017f,1
IMG_20000017fn,1
IMG_20000017n,1
IMG_20000018f,2
IMG_20000018fn,2
IMG_20000018n,2
IMG_20000019f,2
IMG_20000019fn,2
IMG_20000019n,2
IMG_20000020f,0
IMG_20000020fn,0
IMG_20000020n,0
IMG_20000021fn,4
IMG_20000021n,4
IMG_20000022fn,4
IMG_20000022n,4
IMG_20000023f,3
IMG_20000023fn,3
IMG_20000023n,3
IMG_20000024f,3
IMG_20000024fn,3
IMG_20000024n,3
IMG_20000025f,3
IMG_20000025fn,3
IMG_20000025n,3
IMG_20000026f,3
IMG_20000026fn,3
IMG_20000026n,3
IMG_20000027f,0
IMG_20000027fn,0
IMG_20000027n,0
IMG_20000028f,3
IMG_20000028fn,3
IMG_20000028n,3
IMG_20000029f,0
IMG_20000029fn,0
IMG_20000029n,0
IMG_20000030f,2
IMG_20000030fn,2
IMG_20000030n,2
IMG_20000031f,2
IMG_20000031fn,2
IMG_20000031n,2
IMG_20000032f,2
IMG_20000032fn,2
IMG_20000032n,2
IMG_20000033f,2
IMG_20000033fn,2
IMG_20000033n,2
IMG_20000034f,1
IMG_20000034fn,1
IMG_20000034n,1
IMG_20000035f,3
IMG_20000035fn,3
IMG_20000035n,3
IMG_20000036f,3
IMG_20000036fn,3
IMG_20000036n,3
IMG_20000037f,3
IMG_20000037fn,3
IMG_20000037n,3
IMG_20000038fn,4
IMG_20000038n,4
IMG_20000039fn,4
IMG_20000039n,4
IMG_20000040fn,4
IMG_20000040n,4
IMG_20000041f,1
IMG_20000041fn,1
IMG_20000041n,1
IMG_20000042f,1
IMG_20000042fn,1
IMG_20000042n,1
IMG_20000043f,3
IMG_20000043fn,3
IMG_20000043n,3
IMG_20000044f,3
IMG_20000044fn,3
IMG_20000044n,3
IMG_20000045f,3
IMG_20000045fn,3
IMG_20000045n,3
IMG_20000046f,0
IMG_20000046fn,0
IMG_20000046n,0
IMG_20000047f,2
IMG_20000047fn,2
IMG_20000047n,2
IMG_20000048f,2
IMG_20000048fn,2
IMG_20000048n,2
IMG_20000049f,2
IMG_20000049fn,2
IMG_20000049n,2
IMG_20000050f,3
IMG_20000050fn,3
IMG_20000050n,3
IMG_20000051f,3
IMG_20000051fn,3
IMG_20000051n,3
IMG_20000052f,1
IMG_20000052fn,1
IMG_20000052n,1
IMG_20000053f,3
IMG_20000053fn,3
IMG_20000053n,3
IMG_20000054fn,4
IMG_20000054n,4
IMG_20000055fn,4
IMG_20000055n,4
IMG_20000056f,1
IMG_20000056fn,1
IMG_20000056n,1
IMG_20000057f,3
IMG_20000057fn,3
IMG_20000057n,3
IMG_20000058f,3
IMG_20000058fn,3
IMG_20000058n,3
IMG_20000059f,3
IMG_20000059fn,3
IMG_20000059n,3
IMG_20000060f,3
IMG_20000060fn,3
IMG_20000060n,3
IMG_20000061f,3
IMG_20000061fn,3
IMG_20000061n,3
IMG_20000062f,1
IMG_20000062fn,1
IMG_20000062n,1
IMG_20000063f,2
IMG_20000063fn,2
IMG_20000063n,2
IMG_20000064f,2
IMG_20000064fn,2
IMG_20000064n,2
IMG_20000065f,1
IMG_20000065fn,1
IMG_20000065n,1
IMG_20000066f,1
IMG_20000066fn,1
IMG_20000066n,1
IMG_20000067f,3
IMG_20000067fn,3
IMG_20000067n,3
IMG_20000068f,3
IMG_20000068fn,3
IMG_20000068n,3
IMG_20000069f,1
IMG_20000069fn,1
IMG_20000069n,1
IMG_20000070f,1
IMG_20000070fn,1
IMG_20000070n,1
IMG_20000071f,3
IMG_20000071fn,3
IMG_20000071n,3
IMG_20000072f,2
IMG_20000072fn,2
IMG_20000072n,2
IMG_20000073fn,4
IMG_20000073n,4
IMG_20000074fn,4
IMG_20000074n,4
IMG_20000075fn,4
IMG_20000075n,4
IMG_20000076fn,4
IMG_20000076n,4
IMG_20000077fn,4
IMG_20000077n,4
IMG_20000078f,1
IMG_20000078fn,1
IMG_20000078n,1
IMG_20000079fn,4
IMG_20000079n,4
IMG_20000080f,0
IMG_20000080fn,0
IMG_20000080n,0
IMG_20000081f,0
IMG_20000081fn,0
IMG_20000081n,0
IMG_20000082fn,4
IMG_20000082n,4
IMG_20000083f,3
IMG_20000083fn,3
IMG_20000083n,3
IMG_20000084f,1
IMG_20000084fn,1
IMG_20000084n,1
IMG_20000085f,3
IMG_20000085fn,3
IMG_20000085n,3
IMG_20000086fn,4
IMG_20000086n,4
IMG_20000087f,3
IMG_20000087fn,3
IMG_20000087n,3
IMG_20000088f,2
IMG_20000088fn,2
IMG_20000088n,2
IMG_20000089f,3
IMG_20000089fn,3
IMG_20000089n,3
IMG_20000090f,3
IMG_20000090fn,3
IMG_20000090n,3
IMG_20000091f,3
IMG_20000091fn,3
IMG_20000091n,3
IMG_20000092fn,4
IMG_20000092n,4
IMG_20000093f,3
IMG_20000093fn,3
IMG_20000093n,3
IMG_20000094f,2
IMG_20000094fn,2
IMG_20000094n,2
IMG_20000095f,3
IMG_20000095fn,3
IMG_20000095n,3
IMG_20000096fn,4
IMG_20000096n,4
IMG_20000097fn,4
IMG_20000097n,4
IMG_20000098f,1
IMG_20000098fn,1
IMG_20000098n,1
IMG_20000099f,1
IMG_20000099fn,1
IMG_20000099n,1
IMG_20000100f,1
IMG_20000100fn,1
IMG_20000100n,1
IMG_20000101f,1
IMG_20000101fn,1
IMG_20000101n,1
IMG_20000102fn,4
IMG_20000102n,4
IMG_20000103fn,4
IMG_20000103n,4
IMG_20000104fn,4
IMG_20000104n,4
IMG_20000105fn,4
IMG_20000105n,4
IMG_20000106fn,4
IMG_20000106n,4
IMG_20000107fn,4
IMG_20000107n,4
IMG_20000108fn,4
IMG_20000108n,4
IMG_20000109fn,4
IMG_20000109n,4
IMG_20000110fn,4
IMG_20000110n,4
IMG_20000111fn,4
IMG_20000111n,4
IMG_20000112f,4
IMG_20000112fn,4
IMG_20000112n,4
IMG_20000113f,4
IMG_20000113fn,4
IMG_20000113n,4
IMG_20000114f,4
IMG_20000114fn,4
IMG_20000114n,4
IMG_20000115f,4
IMG_20000115fn,4
IMG_20000115n,4
IMG_20000116f,4
IMG_20000116fn,4
IMG_20000116n,4
IMG_20000117f,4
IMG_20000117fn,4
IMG_20000117n,4
IMG_20000118f,4
IMG_20000118fn,4
IMG_20000118n,4
IMG_20000119f,4
IMG_20000119fn,4
IMG_20000119n,4
IMG_20000120f,4
IMG_20000120fn,4
IMG_20000120n,4
IMG_20000121f,4
IMG_20000121fn,4
IMG_20000121n,4
IMG_20000122f,2
IMG_20000122fn,2
IMG_20000122n,2
IMG_20000123f,2
IMG_20000123fn,2
IMG_20000123n,2
IMG_20000124f,2
IMG_20000124fn,2
IMG_20000124n,2
IMG_20000125f,2
IMG_20000125fn,2
IMG_20000125n,2
IMG_20000126f,2
IMG_20000126fn,2
IMG_20000126n,2
IMG_20000127f,2
IMG_20000127fn,2
IMG_20000127n,2
IMG_20000128f,4
IMG_20000128fn,4
IMG_20000128n,4
IMG_20000129f,2
IMG_20000129fn,2
IMG_20000129n,2
IMG_20000130f,2
IMG_20000130fn,2
IMG_20000130n,2
IMG_20000131f,0
IMG_20000131fn,0
IMG_20000131n,0
IMG_20000132f,0
IMG_20000132fn,0
IMG_20000132n,0
IMG_20000133f,3
IMG_20000133fn,3
IMG_20000133n,3
IMG_20000134f,3
IMG_20000134fn,3
IMG_20000134n,3
IMG_20000135f,3
IMG_20000135fn,3
IMG_20000135n,3
IMG_20000136f,4
IMG_20000136fn,4
IMG_20000136n,4
IMG_20000137f,4
IMG_20000137fn,4
IMG_20000137n,4
IMG_20000138f,4
IMG_20000138fn,4
IMG_20000138n,4
IMG_20000139f,2
IMG_20000139fn,2
IMG_20000139n,2
IMG_20000140f,2
IMG_20000140fn,2
IMG_20000140n,2
IMG_20000141f,4
IMG_20000141fn,4
IMG_20000141n,4
IMG_20000142f,0
IMG_20000142fn,0
IMG_20000142n,0
IMG_20000143f,4
IMG_20000143fn,4
IMG_20000143n,4
IMG_20000144f,0
IMG_20000144fn,0
IMG_20000144n,0
IMG_20000145f,4
IMG_20000145fn,4
IMG_20000145n,4
IMG_20000146f,0
IMG_20000146fn,0
IMG_20000146n,0
IMG_20000147f,0
IMG_20000147fn,0
IMG_20000147n,0
IMG_20000148f,0
IMG_20000148fn,0
IMG_20000148n,0
IMG_20000149f,0
IMG_20000149fn,0
IMG_20000149n,0
IMG_20000150f,0
IMG_20000150fn,0
IMG_20000150n,0
IMG_20000151f,0
IMG_20000151fn,0
IMG_20000151n,0
IMG_20000152f,4
IMG_20000152fn,4
IMG_20000152n,4
IMG_20000153f,0
IMG_20000153fn,0
IMG_20000153n,0
IMG_20000154f,0
IMG_20000154fn,0
IMG_20000154n,0
IMG_20000155f,4
IMG_20000155fn,4
IMG_20000155n,4
IMG_20000156f,1
IMG_20000156fn,1
IMG_20000156n,1
IMG_20000157f,1
IMG_20000157fn,1
IMG_20000157n,1
IMG_20000158f,4
IMG_20000158fn,4
IMG_20000158n,4
IMG_20000159f,4
IMG_20000159fn,4
IMG_20000159n,4
IMG_20000160f,3
IMG_20000160fn,3
IMG_20000160n,3
IMG_20000161f,3
IMG_20000161fn,3
IMG_20000161n,3
IMG_20000162f,3
IMG_20000162fn,3
IMG_20000162n,3
IMG_20000163f,3
IMG_20000163fn,3
IMG_20000163n,3
IMG_20000164f,3
IMG_20000164fn,3
IMG_20000164n,3
IMG_20000165f,3
IMG_20000165fn,3
IMG_20000165n,3
IMG_20000166f,3
IMG_20000166fn,3
IMG_20000166n,3
IMG_20000167f,3
IMG_20000167fn,3
IMG_20000167n,3
IMG_20000168f,3
IMG_20000168fn,3
IMG_20000168n,3
IMG_20000169f,3
IMG_20000169fn,3
IMG_20000169n,3
IMG_20000170f,3
IMG_20000170fn,3
IMG_20000170n,3
IMG_20000171f,3
IMG_20000171fn,3
IMG_20000171n,3
IMG_20000172f,3
IMG_20000172fn,3
IMG_20000172n,3
IMG_20000173f,3
IMG_20000173fn,3
IMG_20000173n,3
IMG_20000174f,2
IMG_20000174fn,2
IMG_20000174n,2
IMG_20000175f,4
IMG_20000175fn,4
IMG_20000175n,4
IMG_20000176f,4
IMG_20000176fn,4
IMG_20000176n,4
IMG_20000177f,4
IMG_20000177fn,4
IMG_20000177n,4
IMG_20000178f,3
IMG_20000178fn,3
IMG_20000178n,3
IMG_20000179f,3
IMG_20000179fn,3
IMG_20000179n,3
IMG_20000180f,3
IMG_20000180fn,3
IMG_20000180n,3
IMG_20000181f,1
IMG_20000181fn,1
IMG_20000181n,1
IMG_20000182f,1
IMG_20000182fn,1
IMG_20000182n,1
IMG_20000183f,1
IMG_20000183fn,1
IMG_20000183n,1
IMG_20000184f,1
IMG_20000184fn,1
IMG_20000184n,1
IMG_20000185f,4
IMG_20000185fn,4
IMG_20000185n,4
IMG_20000186f,4
IMG_20000186fn,4
IMG_20000186n,4
IMG_20000187f,4
IMG_20000187fn,4
IMG_20000187n,4
IMG_20000188f,4
IMG_20000188fn,4
IMG_20000188n,4
IMG_20000189f,1
IMG_20000189fn,1
IMG_20000189n,1
IMG_20000190f,1
IMG_20000190fn,1
IMG_20000190n,1
IMG_20000191f,1
IMG_20000191fn,1
IMG_20000191n,1
IMG_20000192f,1
IMG_20000192fn,1
IMG_20000192n,1
IMG_20000193f,1
IMG_20000193fn,1
IMG_20000193n,1
IMG_20000194f,4
IMG_20000194fn,4
IMG_20000194n,4
IMG_20000195f,4
IMG_20000195fn,4
IMG_20000195n,4
IMG_20000196f,4
IMG_20000196fn,4
IMG_20000196n,4
IMG_20000197f,4
IMG_20000197fn,4
IMG_20000197n,4
IMG_20000198f,4
IMG_20000198fn,4
IMG_20000198n,4
IMG_20000199f,4
IMG_20000199fn,4
IMG_20000199n,4
IMG_20000200f,2
IMG_20000200fn,2
IMG_20000200n,2
IMG_20000201f,2
IMG_20000201fn,2
IMG_20000201n,2
IMG_20000202f,2
IMG_20000202fn,2
IMG_20000202n,2
IMG_20000203f,2
IMG_20000203fn,2
IMG_20000203n,2
IMG_20000204f,2
IMG_20000204fn,2
IMG_20000204n,2
IMG_20000205f,2
IMG_20000205fn,2
IMG_20000205n,2
IMG_20000206f,2
IMG_20000206fn,2
IMG_20000206n,2
IMG_20000207f,2
IMG_20000207fn,2
IMG_20000207n,2
IMG_20000208f,1
IMG_20000208fn,1
IMG_20000208n,1
IMG_20000209f,1
IMG_20000209fn,1
IMG_20000209n,1
IMG_20000210f,1
IMG_20000210fn,1
IMG_20000210n,1
IMG_20000211f,1
IMG_20000211fn,1
IMG_20000211n,1
IMG_20000212f,1
IMG_20000212fn,1
IMG_20000212n,1
IMG_20000213f,4
IMG_20000213fn,4
IMG_20000213n,4
IMG_20000214f,4
IMG_20000214fn,4
IMG_20000214n,4
IMG_20000215f,4
IMG_20000215fn,4
IMG_20000215n,4
IMG_20000216f,4
IMG_20000216fn,4
IMG_20000216n,4
IMG_20000217f,4
IMG_20000217fn,4
IMG_20000217n,4
IMG_20000218f,4
IMG_20000218fn,4
IMG_20000218n,4
IMG_20000219f,4
IMG_20000219fn,4
IMG_20000219n,4
IMG_20000220f,4
IMG_20000220fn,4
IMG_20000220n,4
IMG_20000221f,4
IMG_20000221fn,4
IMG_20000221n,4
IMG_20000222f,4
IMG_20000222fn,4
IMG_20000222n,4
IMG_20000223f,4
IMG_20000223fn,4
IMG_20000223n,4
IMG_20000224f,4
IMG_20000224fn,4
IMG_20000224n,4
IMG_20000225f,4
IMG_20000225fn,4
IMG_20000225n,4
IMG_20000226f,4
IMG_20000226fn,4
IMG_20000226n,4
IMG_20000227f,0
IMG_20000227fn,0
IMG_20000227n,0
IMG_20000228f,0
IMG_20000228fn,0
IMG_20000228n,0
IMG_20000229f,4
IMG_20000229fn,4
IMG_20000229n,4
IMG_20000230f,4
IMG_20000230fn,4
IMG_20000230n,4
IMG_20000231f,0
IMG_20000231fn,0
IMG_20000231n,0
IMG_20000232f,0
IMG_20000232fn,0
IMG_20000232n,0
IMG_20000233f,0
IMG_20000233fn,0
IMG_20000233n,0
IMG_20000234f,3
IMG_20000234fn,3
IMG_20000234n,3
IMG_20000235f,3
IMG_20000235fn,3
IMG_20000235n,3
IMG_20000236f,0
IMG_20000236fn,0
IMG_20000236n,0
IMG_20000237f,0
IMG_20000237fn,0
IMG_20000237n,0
IMG_20000238f,0
IMG_20000238fn,0
IMG_20000238n,0
IMG_20000239f,0
IMG_20000239fn,0
IMG_20000239n,0
IMG_20000240f,3
IMG_20000240fn,3
IMG_20000240n,3
IMG_20000241f,3
IMG_20000241fn,3
IMG_20000241n,3
IMG_20000242f,0
IMG_20000242fn,0
IMG_20000242n,0
IMG_20000243f,0
IMG_20000243fn,0
IMG_20000243n,0
IMG_20000244f,2
IMG_20000244fn,2
IMG_20000244n,2
IMG_20000245f,2
IMG_20000245fn,2
IMG_20000245n,2
IMG_20000246f,2
IMG_20000246fn,2
IMG_20000246n,2
IMG_20000247f,4
IMG_20000247fn,4
IMG_20000247n,4
IMG_20000248f,4
IMG_20000248fn,4
IMG_20000248n,4
IMG_20000249f,4
IMG_20000249fn,4
IMG_20000249n,4
IMG_20000250f,4
IMG_20000250fn,4
IMG_20000250n,4
IMG_20000251f,2
IMG_20000251fn,2
IMG_20000251n,2
IMG_20000252f,2
IMG_20000252fn,2
IMG_20000252n,2
IMG_20000253f,2
IMG_20000253fn,2
IMG_20000253n,2
IMG_20000254f,3
IMG_20000254fn,3
IMG_20000254n,3
IMG_20000255f,0
IMG_20000255fn,0
IMG_20000255n,0
IMG_20000256f,0
IMG_20000256fn,0
IMG_20000256n,0
IMG_20000257f,4
IMG_20000257fn,4
IMG_20000257n,4
IMG_20000258f,4
IMG_20000258fn,4
IMG_20000258n,4
IMG_20000259f,0
IMG_20000259fn,0
IMG_20000259n,0
IMG_20000260f,4
IMG_20000260fn,4
IMG_20000260n,4
IMG_20000261f,0
IMG_20000261fn,0
IMG_20000261n,0
IMG_20000262f,4
IMG_20000262fn,4
IMG_20000262n,4
IMG_20000263f,4
IMG_20000263fn,4
IMG_20000263n,4
IMG_20000264f,4
IMG_20000264fn,4
IMG_20000264n,4
IMG_20000265f,4
IMG_20000265fn,4
IMG_20000265n,4
IMG_20000266f,1
IMG_20000266fn,1
IMG_20000266n,1
IMG_20000267f,4
IMG_20000267fn,4
IMG_20000267n,4
IMG_20000268f,4
IMG_20000268fn,4
IMG_20000268n,4
IMG_20000269f,4
IMG_20000269fn,4
IMG_20000269n,4
IMG_20000270f,3
IMG_20000270fn,3
IMG_20000270n,3
IMG_20000271f,3
IMG_20000271fn,3
IMG_20000271n,3
IMG_20000272f,4
IMG_20000272fn,4
IMG_20000272n,4
IMG_20000273f,4
IMG_20000273fn,4
IMG_20000273n,4
IMG_20000274f,2
IMG_20000274fn,2
IMG_20000274n,2
IMG_20000275f,4
IMG_20000275fn,4
IMG_20000275n,4
IMG_20000276f,4
IMG_20000276fn,4
IMG_20000276n,4
IMG_20000277f,3
IMG_20000277fn,3
IMG_20000277n,3
IMG_20000278f,3
IMG_20000278fn,3
IMG_20000278n,3
IMG_20000279f,4
IMG_20000279fn,4
IMG_20000279n,4
IMG_20000280f,4
IMG_20000280fn,4
IMG_20000280n,4
IMG_20000281f,4
IMG_20000281fn,4
IMG_20000281n,4
IMG_20000282f,4
IMG_20000282fn,4
IMG_20000282n,4
IMG_20000283f,4
IMG_20000283fn,4
IMG_20000283n,4
IMG_20000284f,4
IMG_20000284fn,4
IMG_20000284n,4
IMG_20000285f,4
IMG_20000285fn,4
IMG_20000285n,4
IMG_20000286f,4
IMG_20000286fn,4
IMG_20000286n,4
IMG_20000287f,4
IMG_20000287fn,4
IMG_20000287n,4
IMG_20000288f,4
IMG_20000288fn,4
IMG_20000288n,4
IMG_20000289f,4
IMG_20000289fn,4
IMG_20000289n,4
IMG_20000290f,4
IMG_20000290fn,4
IMG_20000290n,4
IMG_20000291f,4
IMG_20000291fn,4
IMG_20000291n,4
IMG_20000292f,4
IMG_20000292fn,4
IMG_20000292n,4
IMG_20000293f,4
IMG_20000293fn,4
IMG_20000293n,4
IMG_20000294f,4
IMG_20000294fn,4
IMG_20000294n,4
IMG_20000295f,4
IMG_20000295fn,4
IMG_20000295n,4
IMG_20000296f,4
IMG_20000296fn,4
IMG_20000296n,4
IMG_30000000f,0
IMG_30000000fn,0
IMG_30000000n,0
IMG_30000001f,0
IMG_30000001fn,0
IMG_30000001n,0
IMG_30000002f,4
IMG_30000002fn,4
IMG_30000002n,4
IMG_30000003f,3
IMG_30000003fn,3
IMG_30000003n,3
IMG_30000004f,0
IMG_30000004fn,0
IMG_30000004n,0
IMG_30000005f,4
IMG_30000005fn,4
IMG_30000005n,4
IMG_30000006f,4
IMG_30000006fn,4
IMG_30000006n,4
IMG_30000007f,4
IMG_30000007fn,4
IMG_30000007n,4
IMG_30000008f,4
IMG_30000008fn,4
IMG_30000008n,4
IMG_30000009f,4
IMG_30000009fn,4
IMG_30000009n,4
IMG_30000010f,4
IMG_30000010fn,4
IMG_30000010n,4
IMG_30000011f,4
IMG_30000011fn,4
IMG_30000011n,4
IMG_30000012f,4
IMG_30000012fn,4
IMG_30000012n,4
IMG_30000013f,0
IMG_30000013fn,0
IMG_30000013n,0
IMG_30000014f,1
IMG_30000014fn,1
IMG_30000014n,1
IMG_30000015f,1
IMG_30000015fn,1
IMG_30000015n,1
IMG_30000016f,1
IMG_30000016fn,1
IMG_30000016n,1
IMG_30000017f,1
IMG_30000017fn,1
IMG_30000017n,1
IMG_30000018f,1
IMG_30000018fn,1
IMG_30000018n,1
IMG_30000019f,1
IMG_30000019fn,1
IMG_30000019n,1
IMG_30000020f,3
IMG_30000020fn,3
IMG_30000020n,3
IMG_30000021f,0
IMG_30000021fn,0
IMG_30000021n,0
IMG_30000022f,0
IMG_30000022fn,0
IMG_30000022n,0
IMG_30000023f,0
IMG_30000023fn,0
IMG_30000023n,0
IMG_30000024f,0
IMG_30000024fn,0
IMG_30000024n,0
IMG_30000025f,4
IMG_30000025fn,4
IMG_30000025n,4
IMG_30000026f,4
IMG_30000026fn,4
IMG_30000026n,4
IMG_30000027f,3
IMG_30000027fn,3
IMG_30000027n,3
IMG_30000028f,4
IMG_30000028fn,4
IMG_30000028n,4
IMG_30000029f,3
IMG_30000029fn,3
IMG_30000029n,3
IMG_30000030f,3
IMG_30000030fn,3
IMG_30000030n,3
IMG_30000031f,3
IMG_30000031fn,3
IMG_30000031n,3
IMG_30000032f,3
IMG_30000032fn,3
IMG_30000032n,3
IMG_30000033f,3
IMG_30000033fn,3
IMG_30000033n,3
IMG_30000034f,3
IMG_30000034fn,3
IMG_30000034n,3
IMG_30000035f,4
IMG_30000035fn,4
IMG_30000035n,4
IMG_30000036f,4
IMG_30000036fn,4
IMG_30000036n,4
IMG_30000037f,4
IMG_30000037fn,4
IMG_30000037n,4
IMG_30000038f,4
IMG_30000038fn,4
IMG_30000038n,4
IMG_30000039f,4
IMG_30000039fn,4
IMG_30000039n,4
IMG_30000040f,4
IMG_30000040fn,4
IMG_30000040n,4
IMG_30000041f,4
IMG_30000041fn,4
IMG_30000041n,4
IMG_30000042f,2
IMG_30000042fn,2
IMG_30000042n,2
IMG_30000043f,2
IMG_30000043fn,2
IMG_30000043n,2
IMG_30000044f,2
IMG_30000044fn,2
IMG_30000044n,2
IMG_30000045f,4
IMG_30000045fn,4
IMG_30000045n,4
IMG_30000046f,4
IMG_30000046fn,4
IMG_30000046n,4
IMG_30000047f,4
IMG_30000047fn,4
IMG_30000047n,4
IMG_30000048f,4
IMG_30000048fn,4
IMG_30000048n,4
IMG_30000049f,0
IMG_30000049fn,0
IMG_30000049n,0
IMG_30000050f,0
IMG_30000050fn,0
IMG_30000050n,0
IMG_30000051f,0
IMG_30000051fn,0
IMG_30000051n,0
IMG_30000052f,0
IMG_30000052fn,0
IMG_30000052n,0
IMG_30000053f,0
IMG_30000053fn,0
IMG_30000053n,0
IMG_30000054f,0
IMG_30000054fn,0
IMG_30000054n,0
IMG_30000055f,0
IMG_30000055fn,0
IMG_30000055n,0
IMG_30000056f,1
IMG_30000056fn,1
IMG_30000056n,1
IMG_30000057f,4
IMG_30000057fn,4
IMG_30000057n,4
IMG_30000058f,0
IMG_30000058fn,0
IMG_30000058n,0
IMG_30000059f,1
IMG_30000059fn,1
IMG_30000059n,1
IMG_30000060f,1
IMG_30000060fn,1
IMG_30000060n,1
IMG_30000061f,1
IMG_30000061fn,1
IMG_30000061n,1
IMG_30000062f,1
IMG_30000062fn,1
IMG_30000062n,1
IMG_30000063f,1
IMG_30000063fn,1
IMG_30000063n,1
IMG_30000064f,2
IMG_30000064fn,2
IMG_30000064n,2
IMG_30000065f,3
IMG_30000065fn,3
IMG_30000065n,3
IMG_30000066f,2
IMG_30000066fn,2
IMG_30000066n,2
IMG_30000067f,4
IMG_30000067fn,4
IMG_30000067n,4
IMG_30000068f,4
IMG_30000068fn,4
IMG_30000068n,4
IMG_30000069f,0
IMG_30000069fn,0
IMG_30000069n,0
IMG_30000070f,1
IMG_30000070fn,1
IMG_30000070n,1
IMG_30000071f,4
IMG_30000071fn,4
IMG_30000071n,4
IMG_30000072f,0
IMG_30000072fn,0
IMG_30000072n,0
IMG_30000073f,0
IMG_30000073fn,0
IMG_30000073n,0
IMG_30000074f,0
IMG_30000074fn,0
IMG_30000074n,0
IMG_30000075f,1
IMG_30000075fn,1
IMG_30000075n,1
IMG_30000076f,1
IMG_30000076fn,1
IMG_30000076n,1
IMG_30000077f,1
IMG_30000077fn,1
IMG_30000077n,1
IMG_30000078f,4
IMG_30000078fn,4
IMG_30000078n,4
IMG_30000079f,4
IMG_30000079fn,4
IMG_30000079n,4
IMG_30000080f,3
IMG_30000080fn,3
IMG_30000080n,3
IMG_30000081f,3
IMG_30000081fn,3
IMG_30000081n,3
IMG_30000082f,1
IMG_30000082fn,1
IMG_30000082n,1
IMG_30000083f,1
IMG_30000083fn,1
IMG_30000083n,1
IMG_30000084f,1
IMG_30000084fn,1
IMG_30000084n,1
IMG_30000085f,1
IMG_30000085fn,1
IMG_30000085n,1
IMG_30000086f,3
IMG_30000086fn,3
IMG_30000086n,3
IMG_30000087f,4
IMG_30000087fn,4
IMG_30000087n,4
IMG_30000088f,4
IMG_30000088fn,4
IMG_30000088n,4
IMG_30000089f,4
IMG_30000089fn,4
IMG_30000089n,4
IMG_30000090f,4
IMG_30000090fn,4
IMG_30000090n,4
IMG_30000091f,3
IMG_30000091fn,3
IMG_30000091n,3
IMG_30000092f,3
IMG_30000092fn,3
IMG_30000092n,3
IMG_30000093f,3
IMG_30000093fn,3
IMG_30000093n,3
IMG_30000094f,4
IMG_30000094fn,4
IMG_30000094n,4
IMG_30000095f,4
IMG_30000095fn,4
IMG_30000095n,4
IMG_30000096f,3
IMG_30000096fn,3
IMG_30000096n,3
IMG_30000097f,0
IMG_30000097fn,0
IMG_30000097n,0
IMG_30000098f,0
IMG_30000098fn,0
IMG_30000098n,0
IMG_30000099f,0
IMG_30000099fn,0
IMG_30000099n,0
IMG_30000100f,3
IMG_30000100fn,3
IMG_30000100n,3
IMG_30000101f,4
IMG_30000101fn,4
IMG_30000101n,4
IMG_30000102f,4
IMG_30000102fn,4
IMG_30000102n,4
IMG_30000103f,3
IMG_30000103fn,3
IMG_30000103n,3
IMG_30000104f,3
IMG_30000104fn,3
IMG_30000104n,3
IMG_30000105f,3
IMG_30000105fn,3
IMG_30000105n,3
IMG_30000106f,1
IMG_30000106fn,1
IMG_30000106n,1
IMG_30000107f,3
IMG_30000107fn,3
IMG_30000107n,3
IMG_30000108f,4
IMG_30000108fn,4
IMG_30000108n,4
IMG_30000109f,4
IMG_30000109fn,4
IMG_30000109n,4
IMG_30000110f,3
IMG_30000110fn,3
IMG_30000110n,3
IMG_30000111f,3
IMG_30000111fn,3
IMG_30000111n,3
IMG_30000112f,3
IMG_30000112fn,3
IMG_30000112n,3
IMG_30000113f,3
IMG_30000113fn,3
IMG_30000113n,3
IMG_30000114f,0
IMG_30000114fn,0
IMG_30000114n,0
IMG_30000115f,3
IMG_30000115fn,3
IMG_30000115n,3
IMG_30000116f,0
IMG_30000116fn,0
IMG_30000116n,0
IMG_30000117f,0
IMG_30000117fn,0
IMG_30000117n,0
IMG_30000118f,0
IMG_30000118fn,0
IMG_30000118n,0
IMG_30000119f,4
IMG_30000119fn,4
IMG_30000119n,4
IMG_30000120f,3
IMG_30000120fn,3
IMG_30000120n,3
IMG_30000121f,3
IMG_30000121fn,3
IMG_30000121n,3
IMG_30000122f,4
IMG_30000122fn,4
IMG_30000122n,4
IMG_30000123f,4
IMG_30000123fn,4
IMG_30000123n,4
IMG_30000124f,3
IMG_30000124fn,3
IMG_30000124n,3
IMG_30000125f,3
IMG_30000125fn,3
IMG_30000125n,3
IMG_30000126f,4
IMG_30000126fn,4
IMG_30000126n,4
IMG_30000127f,4
IMG_30000127fn,4
IMG_30000127n,4
IMG_30000128f,0
IMG_30000128fn,0
IMG_30000128n,0
IMG_30000129f,0
IMG_30000129fn,0
IMG_30000129n,0
IMG_30000130f,3
IMG_30000130fn,3
IMG_30000130n,3
IMG_30000131f,4
IMG_30000131fn,4
IMG_30000131n,4
IMG_30000132f,4
IMG_30000132fn,4
IMG_30000132n,4
IMG_30000133f,4
IMG_30000133fn,4
IMG_30000133n,4
IMG_30000134f,2
IMG_30000134fn,2
IMG_30000134n,2
IMG_30000135f,4
IMG_30000135fn,4
IMG_30000135n,4
IMG_30000136f,2
IMG_30000136fn,2
IMG_30000136n,2
IMG_30000137f,2
IMG_30000137fn,2
IMG_30000137n,2
IMG_30000138f,2
IMG_30000138fn,2
IMG_30000138n,2
IMG_30000139f,3
IMG_30000139fn,3
IMG_30000139n,3
IMG_30000140f,4
IMG_30000140fn,4
IMG_30000140n,4
IMG_30000141f,4
IMG_30000141fn,4
IMG_30000141n,4
IMG_30000142f,3
IMG_30000142fn,3
IMG_30000142n,3
IMG_30000143f,2
IMG_30000143fn,2
IMG_30000143n,2
IMG_30000144f,4
IMG_30000144fn,4
IMG_30000144n,4
IMG_30000145f,4
IMG_30000145fn,4
IMG_30000145n,4
IMG_30000146f,4
IMG_30000146fn,4
IMG_30000146n,4
IMG_30000147f,4
IMG_30000147fn,4
IMG_30000147n,4
IMG_30000148f,4
IMG_30000148fn,4
IMG_30000148n,4
IMG_30000149f,0
IMG_30000149fn,0
IMG_30000149n,0
IMG_30000150f,4
IMG_30000150fn,4
IMG_30000150n,4
IMG_30000151f,4
IMG_30000151fn,4
IMG_30000151n,4
IMG_30000152f,1
IMG_30000152fn,1
IMG_30000152n,1
IMG_30000153f,1
IMG_30000153fn,1
IMG_30000153n,1
IMG_30000154f,2
IMG_30000154fn,2
IMG_30000154n,2
IMG_30000155f,0
IMG_30000155fn,0
IMG_30000155n,0
IMG_30000156f,4
IMG_30000156fn,4
IMG_30000156n,4
IMG_30000157f,3
IMG_30000157fn,3
IMG_30000157n,3
IMG_30000158f,0
IMG_30000158fn,0
IMG_30000158n,0
IMG_30000159f,4
IMG_30000159fn,4
IMG_30000159n,4
IMG_30000160f,0
IMG_30000160fn,0
IMG_30000160n,0
IMG_30000161f,0
IMG_30000161fn,0
IMG_30000161n,0
IMG_30000162f,0
IMG_30000162fn,0
IMG_30000162n,0
IMG_30000163f,0
IMG_30000163fn,0
IMG_30000163n,0
IMG_30000164f,1
IMG_30000164fn,1
IMG_30000164n,1
IMG_30000165f,1
IMG_30000165fn,1
IMG_30000165n,1
IMG_30000166f,1
IMG_30000166fn,1
IMG_30000166n,1
IMG_30000167f,1
IMG_30000167fn,1
IMG_30000167n,1
IMG_30000168f,4
IMG_30000168fn,4
IMG_30000168n,4
IMG_30000169f,1
IMG_30000169fn,1
IMG_30000169n,1
IMG_30000170f,1
IMG_30000170fn,1
IMG_30000170n,1
IMG_30000171f,3
IMG_30000171fn,3
IMG_30000171n,3
IMG_30000172f,3
IMG_30000172fn,3
IMG_30000172n,3
IMG_30000173f,1
IMG_30000173fn,1
IMG_30000173n,1
IMG_30000174f,1
IMG_30000174fn,1
IMG_30000174n,1
IMG_30000175f,1
IMG_30000175fn,1
IMG_30000175n,1
IMG_30000176f,4
IMG_30000176fn,4
IMG_30000176n,4
IMG_30000177f,2
IMG_30000177fn,2
IMG_30000177n,2
IMG_30000178f,2
IMG_30000178fn,2
IMG_30000178n,2
IMG_30000179f,4
IMG_30000179fn,4
IMG_30000179n,4
IMG_30000180f,1
IMG_30000180fn,1
IMG_30000180n,1
IMG_30000181f,1
IMG_30000181fn,1
IMG_30000181n,1
IMG_30000182f,1
IMG_30000182fn,1
IMG_30000182n,1
IMG_30000183f,2
IMG_30000183fn,2
IMG_30000183n,2
IMG_30000184f,2
IMG_30000184fn,2
IMG_30000184n,2
IMG_30000185f,2
IMG_30000185fn,2
IMG_30000185n,2
